Time,Temperature(C),Humidity
2021-01-13 00:10:21.331677,25.621337890625,25.59814453125
2021-01-13 00:10:26.630908,25.621337890625,25.59814453125
2021-01-13 00:10:31.931788,25.61126708984375,25.6103515625
2021-01-13 00:10:37.242638,25.6414794921875,25.59814453125
2021-01-13 00:10:42.550934,25.61126708984375,25.5126953125
2021-01-13 00:10:47.860404,25.59112548828125,25.5126953125
2021-01-13 00:10:53.168756,25.621337890625,25.59814453125
2021-01-13 00:10:58.478546,25.59112548828125,25.6103515625
2021-01-13 00:11:03.782667,25.61126708984375,25.6103515625
2021-01-13 00:11:09.091019,25.61126708984375,25.5126953125
2021-01-13 00:11:14.399829,25.61126708984375,25.5126953125
2021-01-13 00:11:19.708671,25.59112548828125,25.5126953125
2021-01-13 00:11:25.012670,25.57098388671875,25.5126953125
2021-01-13 00:11:30.330670,25.5609130859375,25.5126953125
2021-01-13 00:11:35.634303,25.5206298828125,25.6103515625
2021-01-13 00:11:40.939749,25.53070068359375,25.6103515625
2021-01-13 00:11:46.243801,25.53070068359375,25.7080078125
2021-01-13 00:11:51.549122,25.540771484375,25.7080078125
2021-01-13 00:11:56.852785,25.53070068359375,25.7080078125
2021-01-13 00:12:02.156784,25.540771484375,25.7080078125
2021-01-13 00:12:07.460638,25.53070068359375,25.6103515625
2021-01-13 00:12:12.764275,25.50048828125,25.6103515625
2021-01-13 00:12:18.069259,25.50048828125,25.6103515625
2021-01-13 00:12:23.373466,25.49041748046875,25.6103515625
2021-01-13 00:12:28.672292,25.49041748046875,25.6103515625
2021-01-13 00:12:33.976435,25.49041748046875,25.7080078125
2021-01-13 00:12:39.280158,25.47027587890625,25.7080078125
2021-01-13 00:12:44.578607,25.4400634765625,25.7080078125
2021-01-13 00:12:49.882099,25.47027587890625,25.7080078125
2021-01-13 00:12:55.185723,25.460205078125,25.7080078125
2021-01-13 00:13:00.489424,25.47027587890625,25.7080078125
2021-01-13 00:13:05.793392,25.47027587890625,25.7080078125
2021-01-13 00:13:11.096845,25.460205078125,25.7080078125
2021-01-13 00:13:16.400673,25.47027587890625,25.7080078125
2021-01-13 00:13:21.699175,25.460205078125,25.7080078125
2021-01-13 00:13:27.002953,25.42999267578125,25.7080078125
2021-01-13 00:13:32.306928,25.42999267578125,25.7080078125
2021-01-13 00:13:37.611647,25.4400634765625,25.811767578125
2021-01-13 00:13:42.917383,25.4400634765625,25.811767578125
2021-01-13 00:13:48.221926,25.4400634765625,25.811767578125
2021-01-13 00:13:53.527407,25.4400634765625,25.811767578125
2021-01-13 00:13:58.831571,25.460205078125,25.811767578125
2021-01-13 00:14:04.135143,25.4400634765625,25.811767578125
2021-01-13 00:14:09.439069,25.460205078125,25.811767578125
2021-01-13 00:14:14.742594,25.4400634765625,25.811767578125
2021-01-13 00:14:20.046707,25.4400634765625,25.811767578125
2021-01-13 00:14:25.350705,25.460205078125,25.811767578125
2021-01-13 00:14:30.652660,25.419921875,25.811767578125
2021-01-13 00:14:35.956612,25.419921875,25.811767578125
2021-01-13 00:14:41.261170,25.419921875,25.811767578125
2021-01-13 00:14:46.567135,25.419921875,25.811767578125
2021-01-13 00:14:51.871381,25.42999267578125,25.811767578125
2021-01-13 00:14:57.174784,25.419921875,25.811767578125
2021-01-13 00:15:02.480011,25.419921875,25.811767578125
2021-01-13 00:15:07.782646,25.38970947265625,25.811767578125
2021-01-13 00:15:13.082643,25.419921875,25.811767578125
2021-01-13 00:15:18.386149,25.419921875,25.811767578125
2021-01-13 00:15:23.690444,25.419921875,25.811767578125
2021-01-13 00:15:28.994576,25.419921875,25.811767578125
2021-01-13 00:15:34.303175,25.38970947265625,25.811767578125
2021-01-13 00:15:39.607101,25.419921875,25.811767578125
2021-01-13 00:15:44.913863,25.419921875,25.811767578125
2021-01-13 00:15:50.219093,25.42999267578125,25.811767578125
2021-01-13 00:15:55.523291,25.38970947265625,25.811767578125
2021-01-13 00:16:00.826752,25.38970947265625,25.811767578125
2021-01-13 00:16:06.130579,25.38970947265625,25.811767578125
2021-01-13 00:16:11.434021,25.379638671875,25.811767578125
2021-01-13 00:16:16.738950,25.379638671875,25.811767578125
2021-01-13 00:16:22.042812,25.379638671875,25.811767578125
2021-01-13 00:16:27.346527,25.38970947265625,25.811767578125
2021-01-13 00:16:32.651251,25.34942626953125,25.823974609375
2021-01-13 00:16:37.952095,25.36956787109375,26.416015625
2021-01-13 00:16:43.257615,25.379638671875,26.702880859375
2021-01-13 00:16:48.562208,25.379638671875,26.605224609375
2021-01-13 00:16:53.866980,25.36956787109375,26.416015625
2021-01-13 00:16:59.170935,25.379638671875,26.20849609375
2021-01-13 00:17:04.474650,25.419921875,26.104736328125
2021-01-13 00:17:09.780553,25.38970947265625,26.007080078125
2021-01-13 00:17:15.082658,25.38970947265625,26.50146484375
2021-01-13 00:17:20.386459,25.379638671875,26.50146484375
2021-01-13 00:17:25.685316,25.419921875,26.50146484375
2021-01-13 00:17:30.987515,25.419921875,26.40380859375
2021-01-13 00:17:36.290019,25.42999267578125,26.30615234375
2021-01-13 00:17:41.586661,25.4400634765625,26.104736328125
2021-01-13 00:17:46.888779,25.42999267578125,26.007080078125
2021-01-13 00:17:52.192834,25.4400634765625,26.007080078125
2021-01-13 00:17:57.490013,25.4400634765625,25.909423828125
2021-01-13 00:18:02.791568,25.42999267578125,25.909423828125
2021-01-13 00:18:08.093577,25.4400634765625,25.909423828125
2021-01-13 00:18:13.395675,25.4400634765625,25.909423828125
2021-01-13 00:18:18.692314,25.42999267578125,25.909423828125
2021-01-13 00:18:23.996338,25.42999267578125,25.811767578125
2021-01-13 00:18:29.299568,25.4400634765625,26.007080078125
2021-01-13 00:18:34.599187,25.4400634765625,26.605224609375
2021-01-13 00:18:39.903369,25.42999267578125,26.702880859375
2021-01-13 00:18:45.206884,25.419921875,26.605224609375
2021-01-13 00:18:50.511202,25.42999267578125,26.605224609375
2021-01-13 00:18:55.815626,25.42999267578125,26.50146484375
2021-01-13 00:19:01.121784,25.42999267578125,26.40380859375
2021-01-13 00:19:06.425856,25.4400634765625,26.30615234375
2021-01-13 00:19:11.724831,25.42999267578125,26.104736328125
2021-01-13 00:19:17.030473,25.419921875,26.007080078125
2021-01-13 00:19:22.334869,25.42999267578125,26.007080078125
2021-01-13 00:19:27.639974,25.4400634765625,26.007080078125
2021-01-13 00:19:32.943623,25.4400634765625,25.909423828125
2021-01-13 00:19:38.247358,25.4400634765625,25.909423828125
2021-01-13 00:19:43.551294,25.42999267578125,25.909423828125
2021-01-13 00:19:48.857112,25.4400634765625,25.811767578125
2021-01-13 00:19:54.159107,25.4400634765625,25.811767578125
2021-01-13 00:19:59.462812,25.42999267578125,25.811767578125
2021-01-13 00:20:04.762674,25.42999267578125,25.811767578125
2021-01-13 00:20:10.065847,25.419921875,25.811767578125
2021-01-13 00:20:15.369562,25.38970947265625,25.811767578125
2021-01-13 00:20:20.674240,25.379638671875,25.811767578125
2021-01-13 00:20:25.979147,25.36956787109375,25.823974609375
2021-01-13 00:20:31.282657,25.379638671875,25.811767578125
2021-01-13 00:20:36.586182,25.379638671875,25.811767578125
2021-01-13 00:20:41.890747,25.379638671875,25.811767578125
2021-01-13 00:20:47.192642,25.36956787109375,25.921630859375
2021-01-13 00:20:52.496437,25.379638671875,26.104736328125
2021-01-13 00:20:57.799938,25.379638671875,26.20849609375
2021-01-13 00:21:03.103334,25.38970947265625,26.104736328125
2021-01-13 00:21:08.408714,25.38970947265625,26.20849609375
2021-01-13 00:21:13.708332,25.42999267578125,26.20849609375
2021-01-13 00:21:19.011523,25.419921875,26.20849609375
2021-01-13 00:21:24.315211,25.419921875,26.104736328125
2021-01-13 00:21:29.618909,25.4400634765625,26.007080078125
2021-01-13 00:21:34.923372,25.47027587890625,26.007080078125
2021-01-13 00:21:40.227598,25.460205078125,26.007080078125
2021-01-13 00:21:45.531372,25.49041748046875,25.909423828125
2021-01-13 00:21:50.835007,25.47027587890625,25.909423828125
2021-01-13 00:21:56.141102,25.47027587890625,25.909423828125
2021-01-13 00:22:01.441311,25.47027587890625,25.811767578125
2021-01-13 00:22:06.745323,25.47027587890625,25.811767578125
2021-01-13 00:22:12.049930,25.49041748046875,25.811767578125
2021-01-13 00:22:17.355471,25.47027587890625,25.811767578125
2021-01-13 00:22:22.659007,25.460205078125,25.811767578125
2021-01-13 00:22:27.962687,25.47027587890625,25.811767578125
2021-01-13 00:22:33.266472,25.460205078125,25.909423828125
2021-01-13 00:22:38.570450,25.460205078125,25.909423828125
2021-01-13 00:22:43.873949,25.460205078125,25.909423828125
2021-01-13 00:22:49.180106,25.47027587890625,25.909423828125
2021-01-13 00:22:54.483437,25.460205078125,25.811767578125
2021-01-13 00:22:59.782660,25.49041748046875,25.811767578125
2021-01-13 00:23:05.088109,25.49041748046875,25.811767578125
2021-01-13 00:23:10.392657,25.50048828125,25.811767578125
2021-01-13 00:23:15.691061,25.49041748046875,25.811767578125
2021-01-13 00:23:20.995089,25.49041748046875,25.7080078125
2021-01-13 00:23:26.299633,25.49041748046875,25.7080078125
2021-01-13 00:23:31.599143,25.47027587890625,25.7080078125
2021-01-13 00:23:36.902475,25.49041748046875,25.7080078125
2021-01-13 00:23:42.202659,25.47027587890625,25.7080078125
2021-01-13 00:23:47.506420,25.47027587890625,25.7080078125
2021-01-13 00:23:52.811037,25.47027587890625,25.6103515625
2021-01-13 00:23:58.111314,25.47027587890625,25.6103515625
2021-01-13 00:24:03.412640,25.460205078125,25.6103515625
2021-01-13 00:24:08.707157,25.47027587890625,25.6103515625
2021-01-13 00:24:14.012295,25.47027587890625,25.6103515625
2021-01-13 00:24:19.316518,25.460205078125,25.6103515625
2021-01-13 00:24:24.619847,25.460205078125,25.6103515625
2021-01-13 00:24:29.923359,25.460205078125,25.5126953125
2021-01-13 00:24:35.226960,25.460205078125,25.5126953125
2021-01-13 00:24:40.530856,25.4400634765625,25.5126953125
2021-01-13 00:24:45.832650,25.460205078125,25.5126953125
2021-01-13 00:24:51.136366,25.460205078125,25.6103515625
2021-01-13 00:24:56.440079,25.460205078125,25.6103515625
2021-01-13 00:25:01.744674,25.4400634765625,25.6103515625
2021-01-13 00:25:07.044469,25.460205078125,25.6103515625
2021-01-13 00:25:12.349301,25.460205078125,25.6103515625
2021-01-13 00:25:17.643212,25.460205078125,25.5126953125
2021-01-13 00:25:22.941944,25.4400634765625,25.5126953125
2021-01-13 00:25:28.245417,25.42999267578125,25.5126953125
2021-01-13 00:25:33.549593,25.4400634765625,25.5126953125
2021-01-13 00:25:38.852855,25.4400634765625,25.5126953125
2021-01-13 00:25:44.156632,25.42999267578125,25.5126953125
2021-01-13 00:25:49.459006,25.4400634765625,25.5126953125
2021-01-13 00:25:54.764523,25.47027587890625,25.5126953125
2021-01-13 00:26:00.068579,25.4400634765625,25.6103515625
2021-01-13 00:26:05.372267,25.47027587890625,25.6103515625
2021-01-13 00:26:10.675835,25.47027587890625,25.6103515625
2021-01-13 00:26:15.979399,25.47027587890625,25.6103515625
2021-01-13 00:26:21.282656,25.47027587890625,25.6103515625
2021-01-13 00:26:26.586643,25.460205078125,25.7080078125
2021-01-13 00:26:31.890981,25.460205078125,25.811767578125
2021-01-13 00:26:37.193040,25.47027587890625,25.811767578125
2021-01-13 00:26:42.492622,25.47027587890625,25.811767578125
2021-01-13 00:26:47.796220,25.49041748046875,25.811767578125
2021-01-13 00:26:53.104168,25.49041748046875,26.007080078125
2021-01-13 00:26:58.409476,25.49041748046875,26.007080078125
2021-01-13 00:27:03.709222,25.49041748046875,25.909423828125
2021-01-13 00:27:09.016255,25.49041748046875,26.20849609375
2021-01-13 00:27:14.320409,25.47027587890625,26.605224609375
2021-01-13 00:27:19.623651,25.49041748046875,26.605224609375
2021-01-13 00:27:24.922677,25.50048828125,26.40380859375
2021-01-13 00:27:30.222736,25.47027587890625,26.104736328125
2021-01-13 00:27:35.526518,25.50048828125,26.007080078125
2021-01-13 00:27:40.829980,25.49041748046875,26.007080078125
2021-01-13 00:27:46.132664,25.47027587890625,26.104736328125
2021-01-13 00:27:51.436382,25.42999267578125,26.104736328125
2021-01-13 00:27:56.740898,25.42999267578125,26.104736328125
2021-01-13 00:28:02.044817,25.379638671875,25.909423828125
2021-01-13 00:28:07.350145,25.379638671875,25.811767578125
2021-01-13 00:28:12.648928,25.34942626953125,25.823974609375
2021-01-13 00:28:17.949907,25.34942626953125,25.921630859375
2021-01-13 00:28:23.248985,25.3192138671875,26.019287109375
2021-01-13 00:28:28.541989,25.299072265625,26.019287109375
2021-01-13 00:28:33.846400,25.2789306640625,26.019287109375
2021-01-13 00:28:39.150654,25.2386474609375,25.921630859375
2021-01-13 00:28:44.454773,25.218505859375,25.823974609375
2021-01-13 00:28:49.755086,25.218505859375,25.823974609375
2021-01-13 00:28:55.054213,25.16815185546875,25.921630859375
2021-01-13 00:29:00.360708,25.18829345703125,26.019287109375
2021-01-13 00:29:05.659472,25.1580810546875,26.019287109375
2021-01-13 00:29:10.963102,25.1580810546875,26.019287109375
2021-01-13 00:29:16.266860,25.14801025390625,26.019287109375
2021-01-13 00:29:21.571105,25.14801025390625,26.019287109375
2021-01-13 00:29:26.874436,25.12786865234375,26.031494140625
2021-01-13 00:29:32.179803,25.12786865234375,26.031494140625
2021-01-13 00:29:37.483393,25.12786865234375,26.031494140625
2021-01-13 00:29:42.790352,25.12786865234375,26.129150390625
2021-01-13 00:29:48.095234,25.12786865234375,26.23291015625
2021-01-13 00:29:53.400429,25.1177978515625,26.23291015625
2021-01-13 00:29:58.703926,25.1177978515625,26.33056640625
2021-01-13 00:30:04.009449,25.09765625,26.42822265625
2021-01-13 00:30:09.312800,25.09765625,26.33056640625
2021-01-13 00:30:14.623074,25.09765625,26.23291015625
2021-01-13 00:30:19.926710,25.09765625,26.129150390625
2021-01-13 00:30:25.230652,25.08758544921875,26.33056640625
2021-01-13 00:30:30.532655,25.06744384765625,26.23291015625
2021-01-13 00:30:35.836267,25.06744384765625,26.23291015625
2021-01-13 00:30:41.143623,25.06744384765625,26.23291015625
2021-01-13 00:30:46.448686,25.04730224609375,26.23291015625
2021-01-13 00:30:51.752304,25.06744384765625,26.23291015625
2021-01-13 00:30:57.056499,25.06744384765625,26.23291015625
2021-01-13 00:31:02.362236,25.04730224609375,26.129150390625
2021-01-13 00:31:07.666383,25.04730224609375,26.23291015625
2021-01-13 00:31:12.969981,25.01708984375,26.23291015625
2021-01-13 00:31:18.274613,25.01708984375,26.129150390625
2021-01-13 00:31:23.580018,25.01708984375,26.23291015625
2021-01-13 00:31:28.884076,25.01708984375,26.23291015625
2021-01-13 00:31:34.189244,25.01708984375,26.23291015625
2021-01-13 00:31:39.492994,25.00701904296875,26.23291015625
2021-01-13 00:31:44.792650,25.01708984375,26.129150390625
2021-01-13 00:31:50.092611,25.01708984375,26.23291015625
2021-01-13 00:31:55.394604,25.01708984375,26.23291015625
2021-01-13 00:32:00.697197,25.00701904296875,26.23291015625
2021-01-13 00:32:05.996147,24.976806640625,26.129150390625
2021-01-13 00:32:11.295573,24.9969482421875,26.129150390625
2021-01-13 00:32:16.599570,24.976806640625,26.129150390625
2021-01-13 00:32:21.902896,24.9969482421875,26.23291015625
2021-01-13 00:32:27.207451,24.9969482421875,26.23291015625
2021-01-13 00:32:32.511158,24.9969482421875,26.23291015625
2021-01-13 00:32:37.814746,24.9969482421875,26.23291015625
2021-01-13 00:32:43.119720,24.9969482421875,26.23291015625
2021-01-13 00:32:48.424011,24.9969482421875,26.23291015625
2021-01-13 00:32:53.722251,24.976806640625,26.23291015625
2021-01-13 00:32:59.026041,24.9969482421875,26.129150390625
2021-01-13 00:33:04.330655,25.00701904296875,26.129150390625
2021-01-13 00:33:09.629135,25.00701904296875,26.129150390625
2021-01-13 00:33:14.932643,24.9969482421875,26.129150390625
2021-01-13 00:33:20.236291,24.9969482421875,26.129150390625
2021-01-13 00:33:25.532656,25.00701904296875,26.129150390625
2021-01-13 00:33:30.838685,24.9969482421875,26.23291015625
2021-01-13 00:33:36.142354,24.976806640625,26.33056640625
2021-01-13 00:33:41.446177,24.9969482421875,26.33056640625
2021-01-13 00:33:46.750150,24.9969482421875,26.42822265625
2021-01-13 00:33:52.054189,25.00701904296875,26.531982421875
2021-01-13 00:33:57.358428,24.976806640625,26.727294921875
2021-01-13 00:34:02.657061,24.96673583984375,26.629638671875
2021-01-13 00:34:07.961320,24.976806640625,26.42822265625
2021-01-13 00:34:13.265178,24.96673583984375,26.33056640625
2021-01-13 00:34:18.568742,24.96673583984375,26.33056640625
2021-01-13 00:34:23.872466,24.94659423828125,26.42822265625
2021-01-13 00:34:29.176931,24.96673583984375,26.629638671875
2021-01-13 00:34:34.481684,24.94659423828125,26.531982421875
2021-01-13 00:34:39.789154,24.9365234375,26.531982421875
2021-01-13 00:34:45.095310,24.9163818359375,26.42822265625
2021-01-13 00:34:50.400442,24.9365234375,26.33056640625
2021-01-13 00:34:55.705251,24.94659423828125,26.42822265625
2021-01-13 00:35:01.010116,24.9163818359375,26.33056640625
2021-01-13 00:35:06.313918,24.9365234375,26.33056640625
2021-01-13 00:35:11.619161,24.9163818359375,26.42822265625
2021-01-13 00:35:16.923136,24.9365234375,26.531982421875
2021-01-13 00:35:22.226655,24.9163818359375,26.727294921875
2021-01-13 00:35:27.530459,24.94659423828125,26.727294921875
2021-01-13 00:35:32.834474,24.9365234375,26.629638671875
2021-01-13 00:35:38.138550,24.9163818359375,26.531982421875
2021-01-13 00:35:43.443281,24.90631103515625,26.42822265625
2021-01-13 00:35:48.744967,24.9163818359375,26.531982421875
2021-01-13 00:35:54.052664,24.90631103515625,26.42822265625
2021-01-13 00:35:59.356475,24.90631103515625,26.531982421875
2021-01-13 00:36:04.660081,24.90631103515625,26.629638671875
2021-01-13 00:36:09.963779,24.90631103515625,26.824951171875
2021-01-13 00:36:15.267525,24.896240234375,26.84326171875
2021-01-13 00:36:20.571751,24.896240234375,26.739501953125
2021-01-13 00:36:25.875215,24.90631103515625,26.824951171875
2021-01-13 00:36:31.179526,24.90631103515625,27.0263671875
2021-01-13 00:36:36.483217,24.90631103515625,27.0263671875
2021-01-13 00:36:41.799319,24.896240234375,27.13623046875
2021-01-13 00:36:47.109910,24.90631103515625,27.227783203125
2021-01-13 00:36:52.419601,24.90631103515625,26.9287109375
2021-01-13 00:36:57.719082,24.9365234375,26.727294921875
2021-01-13 00:37:03.023342,24.9365234375,26.727294921875
2021-01-13 00:37:08.328525,24.9365234375,26.629638671875
2021-01-13 00:37:13.632582,24.9365234375,26.629638671875
2021-01-13 00:37:18.936703,24.9163818359375,26.727294921875
2021-01-13 00:37:24.242014,24.9163818359375,26.727294921875
2021-01-13 00:37:29.545577,24.9163818359375,26.629638671875
2021-01-13 00:37:34.849438,24.8760986328125,26.544189453125
2021-01-13 00:37:40.153166,24.896240234375,26.739501953125
2021-01-13 00:37:45.457293,24.90631103515625,26.727294921875
2021-01-13 00:37:50.761270,24.90631103515625,26.629638671875
2021-01-13 00:37:56.065066,24.90631103515625,26.531982421875
2021-01-13 00:38:01.368968,24.90631103515625,26.629638671875
2021-01-13 00:38:06.672816,24.90631103515625,26.727294921875
2021-01-13 00:38:11.976444,24.896240234375,26.641845703125
2021-01-13 00:38:17.280229,24.896240234375,26.544189453125
2021-01-13 00:38:22.583724,24.8760986328125,26.739501953125
2021-01-13 00:38:27.888981,24.8760986328125,26.84326171875
2021-01-13 00:38:33.192480,24.86602783203125,26.84326171875
2021-01-13 00:38:38.497209,24.84588623046875,26.84326171875
2021-01-13 00:38:43.801599,24.8760986328125,26.94091796875
2021-01-13 00:38:49.102658,24.86602783203125,26.94091796875
2021-01-13 00:38:54.403141,24.86602783203125,26.84326171875
2021-01-13 00:38:59.701489,24.86602783203125,26.641845703125
2021-01-13 00:39:05.005123,24.84588623046875,26.544189453125
2021-01-13 00:39:10.309340,24.84588623046875,26.544189453125
2021-01-13 00:39:15.608480,24.82574462890625,26.544189453125
2021-01-13 00:39:20.912303,24.84588623046875,26.4404296875
2021-01-13 00:39:26.212658,24.82574462890625,26.4404296875
2021-01-13 00:39:31.518989,24.82574462890625,26.4404296875
2021-01-13 00:39:36.822903,24.82574462890625,26.544189453125
2021-01-13 00:39:42.123404,24.82574462890625,26.4404296875
2021-01-13 00:39:47.427079,24.82574462890625,26.4404296875
2021-01-13 00:39:52.722649,24.82574462890625,27.03857421875
2021-01-13 00:39:58.026192,24.815673828125,27.03857421875
2021-01-13 00:40:03.330892,24.82574462890625,27.239990234375
2021-01-13 00:40:08.634527,24.82574462890625,27.03857421875
2021-01-13 00:40:13.938672,24.815673828125,26.84326171875
2021-01-13 00:40:19.242360,24.815673828125,27.13623046875
2021-01-13 00:40:24.546197,24.82574462890625,27.239990234375
2021-01-13 00:40:29.849948,24.82574462890625,27.13623046875
2021-01-13 00:40:35.152660,24.82574462890625,27.13623046875
2021-01-13 00:40:40.456683,24.82574462890625,26.94091796875
2021-01-13 00:40:45.761783,24.815673828125,26.739501953125
2021-01-13 00:40:51.066316,24.82574462890625,26.641845703125
2021-01-13 00:40:56.370028,24.815673828125,26.641845703125
2021-01-13 00:41:01.674620,24.815673828125,26.641845703125
2021-01-13 00:41:06.979550,24.815673828125,26.641845703125
2021-01-13 00:41:12.282654,24.7955322265625,26.641845703125
2021-01-13 00:41:17.582650,24.84588623046875,26.84326171875
2021-01-13 00:41:22.886898,24.8760986328125,29.327392578125
2021-01-13 00:41:28.190860,24.896240234375,28.9306640625
2021-01-13 00:41:33.494649,24.8760986328125,27.83203125
2021-01-13 00:41:38.798937,24.8760986328125,27.239990234375
2021-01-13 00:41:44.104155,24.86602783203125,26.84326171875
2021-01-13 00:41:49.408584,24.86602783203125,26.641845703125
2021-01-13 00:41:54.707197,24.8760986328125,26.544189453125
2021-01-13 00:42:00.010778,24.84588623046875,26.544189453125
2021-01-13 00:42:05.314437,24.84588623046875,26.641845703125
2021-01-13 00:42:10.619404,24.82574462890625,26.544189453125
2021-01-13 00:42:15.923261,24.7955322265625,26.544189453125
2021-01-13 00:42:21.226818,24.7955322265625,26.641845703125
2021-01-13 00:42:26.530652,24.78546142578125,26.544189453125
2021-01-13 00:42:31.834319,24.78546142578125,26.641845703125
2021-01-13 00:42:37.138797,24.76531982421875,26.641845703125
2021-01-13 00:42:42.442121,24.76531982421875,26.641845703125
2021-01-13 00:42:47.745933,24.76531982421875,26.84326171875
2021-01-13 00:42:53.050081,24.78546142578125,26.739501953125
2021-01-13 00:42:58.353455,24.78546142578125,26.641845703125
2021-01-13 00:43:03.656981,24.76531982421875,26.739501953125
2021-01-13 00:43:08.961065,24.76531982421875,26.84326171875
2021-01-13 00:43:14.264694,24.76531982421875,26.94091796875
2021-01-13 00:43:19.568872,24.78546142578125,27.03857421875
2021-01-13 00:43:24.872279,24.7955322265625,26.94091796875
2021-01-13 00:43:30.176059,24.7955322265625,26.94091796875
2021-01-13 00:43:35.479661,24.76531982421875,27.03857421875
2021-01-13 00:43:40.782649,24.78546142578125,27.13623046875
2021-01-13 00:43:46.086505,24.7955322265625,27.03857421875
2021-01-13 00:43:51.390294,24.78546142578125,26.84326171875
2021-01-13 00:43:56.688956,24.78546142578125,26.84326171875
2021-01-13 00:44:01.992998,24.76531982421875,26.84326171875
2021-01-13 00:44:07.296427,24.76531982421875,26.739501953125
2021-01-13 00:44:12.594772,24.76531982421875,26.84326171875
2021-01-13 00:44:17.898635,24.76531982421875,26.84326171875
2021-01-13 00:44:23.203122,24.78546142578125,26.84326171875
2021-01-13 00:44:28.507751,24.76531982421875,26.94091796875
2021-01-13 00:44:33.811989,24.7552490234375,26.94091796875
2021-01-13 00:44:39.116318,24.76531982421875,26.84326171875
2021-01-13 00:44:44.422680,24.76531982421875,26.84326171875
2021-01-13 00:44:49.722047,24.7552490234375,27.03857421875
2021-01-13 00:44:55.025689,24.76531982421875,27.13623046875
2021-01-13 00:45:00.329335,24.7552490234375,27.03857421875
2021-01-13 00:45:05.632658,24.7552490234375,26.94091796875
2021-01-13 00:45:10.936249,24.76531982421875,26.84326171875
2021-01-13 00:45:16.240012,24.76531982421875,27.03857421875
2021-01-13 00:45:21.543531,24.7955322265625,27.337646484375
2021-01-13 00:45:26.849495,24.78546142578125,27.239990234375
2021-01-13 00:45:32.152948,24.76531982421875,27.239990234375
2021-01-13 00:45:37.457435,24.78546142578125,27.13623046875
2021-01-13 00:45:42.760522,24.815673828125,27.03857421875
2021-01-13 00:45:48.062645,24.815673828125,27.03857421875
2021-01-13 00:45:53.366125,24.7955322265625,27.03857421875
2021-01-13 00:45:58.670516,24.82574462890625,26.94091796875
2021-01-13 00:46:03.974389,24.7955322265625,27.03857421875
2021-01-13 00:46:09.279466,24.82574462890625,26.94091796875
2021-01-13 00:46:14.583093,24.815673828125,27.03857421875
2021-01-13 00:46:19.888623,24.815673828125,27.239990234375
2021-01-13 00:46:25.192605,24.7955322265625,27.13623046875
2021-01-13 00:46:30.496381,24.7955322265625,27.03857421875
2021-01-13 00:46:35.801635,24.815673828125,27.03857421875
2021-01-13 00:46:41.107213,24.7955322265625,27.03857421875
2021-01-13 00:46:46.411091,24.7955322265625,26.94091796875
2021-01-13 00:46:51.709371,24.7955322265625,26.94091796875
2021-01-13 00:46:57.016614,24.7955322265625,27.03857421875
2021-01-13 00:47:02.320266,24.7955322265625,27.239990234375
2021-01-13 00:47:07.623693,24.7955322265625,27.13623046875
2021-01-13 00:47:12.927211,24.7955322265625,27.13623046875
2021-01-13 00:47:18.231176,24.78546142578125,27.13623046875
2021-01-13 00:47:23.532659,24.7955322265625,27.03857421875
2021-01-13 00:47:28.833989,24.76531982421875,27.03857421875
2021-01-13 00:47:34.142809,24.7552490234375,27.03857421875
2021-01-13 00:47:39.447499,24.78546142578125,27.03857421875
2021-01-13 00:47:44.752380,24.78546142578125,26.94091796875
2021-01-13 00:47:50.057459,24.78546142578125,27.03857421875
2021-01-13 00:47:55.361449,24.7552490234375,27.337646484375
2021-01-13 00:48:00.665370,24.76531982421875,27.83203125
2021-01-13 00:48:05.968984,24.76531982421875,27.63671875
2021-01-13 00:48:11.272663,24.78546142578125,27.5390625
2021-01-13 00:48:16.576292,24.76531982421875,27.435302734375
2021-01-13 00:48:21.880562,24.76531982421875,27.239990234375
2021-01-13 00:48:27.183738,24.7552490234375,27.03857421875
2021-01-13 00:48:32.489898,24.7552490234375,27.03857421875
2021-01-13 00:48:37.790064,24.74517822265625,27.03857421875
2021-01-13 00:48:43.093831,24.74517822265625,27.03857421875
2021-01-13 00:48:48.397434,24.7552490234375,27.03857421875
2021-01-13 00:48:53.692652,24.7552490234375,27.03857421875
2021-01-13 00:48:58.996291,24.74517822265625,27.03857421875
2021-01-13 00:49:04.300496,24.74517822265625,27.03857421875
2021-01-13 00:49:09.598946,24.74517822265625,26.94091796875
2021-01-13 00:49:14.902657,24.74517822265625,27.13623046875
2021-01-13 00:49:20.208317,24.7552490234375,27.337646484375
2021-01-13 00:49:25.503683,24.7552490234375,27.239990234375
2021-01-13 00:49:30.807238,24.7552490234375,27.239990234375
2021-01-13 00:49:36.111448,24.7552490234375,27.239990234375
2021-01-13 00:49:41.417311,24.74517822265625,27.13623046875
2021-01-13 00:49:46.712665,24.72503662109375,27.13623046875
2021-01-13 00:49:52.016078,24.74517822265625,27.239990234375
2021-01-13 00:49:57.320648,24.7552490234375,27.337646484375
2021-01-13 00:50:02.619088,24.7552490234375,27.239990234375
2021-01-13 00:50:07.922935,24.7552490234375,27.13623046875
2021-01-13 00:50:13.226477,24.74517822265625,27.13623046875
2021-01-13 00:50:18.530005,24.74517822265625,27.239990234375
2021-01-13 00:50:23.834880,24.74517822265625,27.239990234375
2021-01-13 00:50:29.139077,24.74517822265625,27.435302734375
2021-01-13 00:50:34.442605,24.72503662109375,27.435302734375
2021-01-13 00:50:39.742677,24.72503662109375,27.5390625
2021-01-13 00:50:45.051680,24.72503662109375,27.5390625
2021-01-13 00:50:50.355953,24.72503662109375,27.337646484375
2021-01-13 00:50:55.660455,24.72503662109375,27.239990234375
2021-01-13 00:51:00.962645,24.72503662109375,27.337646484375
2021-01-13 00:51:06.266399,24.74517822265625,27.5390625
2021-01-13 00:51:11.571146,24.72503662109375,27.5390625
2021-01-13 00:51:16.876477,24.7552490234375,27.5390625
2021-01-13 00:51:22.180170,24.7552490234375,28.033447265625
2021-01-13 00:51:27.483588,24.7552490234375,28.033447265625
2021-01-13 00:51:32.788676,24.76531982421875,27.935791015625
2021-01-13 00:51:38.093806,24.78546142578125,27.734375
2021-01-13 00:51:43.397574,24.76531982421875,27.435302734375
2021-01-13 00:51:48.701378,24.76531982421875,27.337646484375
2021-01-13 00:51:54.005472,24.7552490234375,27.63671875
2021-01-13 00:51:59.309711,24.7552490234375,27.5390625
2021-01-13 00:52:04.613275,24.76531982421875,27.5390625
2021-01-13 00:52:09.916998,24.76531982421875,27.63671875
2021-01-13 00:52:15.221186,24.7552490234375,27.435302734375
2021-01-13 00:52:20.524733,24.76531982421875,27.337646484375
2021-01-13 00:52:25.830679,24.76531982421875,27.239990234375
2021-01-13 00:52:31.134470,24.74517822265625,27.239990234375
2021-01-13 00:52:36.438609,24.76531982421875,27.239990234375
2021-01-13 00:52:41.742611,24.78546142578125,27.239990234375
2021-01-13 00:52:47.046192,24.76531982421875,27.239990234375
2021-01-13 00:52:52.349203,24.76531982421875,27.13623046875
2021-01-13 00:52:57.653401,24.76531982421875,27.239990234375
2021-01-13 00:53:02.957020,24.78546142578125,27.239990234375
2021-01-13 00:53:08.260766,24.78546142578125,27.239990234375
2021-01-13 00:53:13.564863,24.78546142578125,27.337646484375
2021-01-13 00:53:18.865517,24.7955322265625,27.337646484375
2021-01-13 00:53:24.169189,24.7955322265625,27.239990234375
2021-01-13 00:53:29.472880,24.78546142578125,27.13623046875
2021-01-13 00:53:34.780824,24.7955322265625,27.435302734375
2021-01-13 00:53:40.081992,24.78546142578125,27.63671875
2021-01-13 00:53:45.390350,24.76531982421875,27.435302734375
2021-01-13 00:53:50.694699,24.7552490234375,27.337646484375
2021-01-13 00:53:55.999852,24.7552490234375,27.239990234375
2021-01-13 00:54:01.303355,24.7552490234375,27.239990234375
2021-01-13 00:54:06.602670,24.76531982421875,27.337646484375
2021-01-13 00:54:11.906407,24.74517822265625,27.337646484375
2021-01-13 00:54:17.210458,24.7552490234375,27.337646484375
2021-01-13 00:54:22.514444,24.72503662109375,27.337646484375
2021-01-13 00:54:27.819411,24.7149658203125,27.239990234375
2021-01-13 00:54:33.123438,24.72503662109375,27.239990234375
2021-01-13 00:54:38.428432,24.72503662109375,27.435302734375
2021-01-13 00:54:43.725301,24.7149658203125,27.5390625
2021-01-13 00:54:49.028953,24.72503662109375,27.734375
2021-01-13 00:54:54.332725,24.7149658203125,27.734375
2021-01-13 00:54:59.631681,24.72503662109375,27.63671875
2021-01-13 00:55:04.935348,24.7149658203125,27.5390625
2021-01-13 00:55:10.238927,24.72503662109375,27.435302734375
2021-01-13 00:55:15.542748,24.72503662109375,27.435302734375
2021-01-13 00:55:20.846841,24.74517822265625,27.435302734375
2021-01-13 00:55:26.152481,24.74517822265625,27.435302734375
2021-01-13 00:55:31.452667,24.74517822265625,27.435302734375
2021-01-13 00:55:36.757617,24.74517822265625,27.435302734375
2021-01-13 00:55:42.061569,24.74517822265625,27.5390625
2021-01-13 00:55:47.365124,24.7552490234375,27.5390625
2021-01-13 00:55:52.668777,24.7552490234375,27.5390625
2021-01-13 00:55:57.972468,24.7552490234375,27.435302734375
2021-01-13 00:56:03.276670,24.7552490234375,27.435302734375
2021-01-13 00:56:08.580987,24.7552490234375,27.435302734375
2021-01-13 00:56:13.884466,24.76531982421875,27.337646484375
2021-01-13 00:56:19.189241,24.7552490234375,27.239990234375
2021-01-13 00:56:24.492931,24.7552490234375,27.239990234375
2021-01-13 00:56:29.796966,24.7552490234375,27.239990234375
2021-01-13 00:56:35.101198,24.74517822265625,27.337646484375
2021-01-13 00:56:40.406324,24.74517822265625,27.337646484375
2021-01-13 00:56:45.703569,24.74517822265625,27.337646484375
2021-01-13 00:56:51.006936,24.7552490234375,27.337646484375
2021-01-13 00:56:56.310670,24.72503662109375,27.239990234375
2021-01-13 00:57:01.614115,24.74517822265625,27.239990234375
2021-01-13 00:57:06.919285,24.74517822265625,27.337646484375
2021-01-13 00:57:12.222675,24.7149658203125,27.337646484375
2021-01-13 00:57:17.526254,24.72503662109375,27.239990234375
2021-01-13 00:57:22.830632,24.72503662109375,27.337646484375
2021-01-13 00:57:28.139591,24.7149658203125,27.239990234375
2021-01-13 00:57:33.443447,24.72503662109375,27.13623046875
2021-01-13 00:57:38.749894,24.72503662109375,27.239990234375
2021-01-13 00:57:44.054998,24.72503662109375,27.337646484375
2021-01-13 00:57:49.358840,24.72503662109375,27.239990234375
2021-01-13 00:57:54.662649,24.72503662109375,27.239990234375
2021-01-13 00:57:59.966475,24.72503662109375,27.337646484375
2021-01-13 00:58:05.270352,24.72503662109375,27.337646484375
2021-01-13 00:58:10.574941,24.74517822265625,27.337646484375
2021-01-13 00:58:15.879569,24.7149658203125,27.13623046875
2021-01-13 00:58:21.183223,24.72503662109375,27.13623046875
2021-01-13 00:58:26.482927,24.7149658203125,27.13623046875
2021-01-13 00:58:31.782647,24.7149658203125,27.239990234375
2021-01-13 00:58:37.082671,24.72503662109375,27.239990234375
2021-01-13 00:58:42.382660,24.7149658203125,27.239990234375
2021-01-13 00:58:47.686188,24.7149658203125,27.13623046875
2021-01-13 00:58:52.990435,24.7149658203125,27.13623046875
2021-01-13 00:58:58.292655,24.7149658203125,27.13623046875
2021-01-13 00:59:03.596400,24.72503662109375,27.13623046875
2021-01-13 00:59:08.900996,24.72503662109375,27.13623046875
2021-01-13 00:59:14.204524,24.72503662109375,27.03857421875
2021-01-13 00:59:19.508882,24.72503662109375,27.03857421875
2021-01-13 00:59:24.812642,24.72503662109375,27.03857421875
2021-01-13 00:59:30.117377,24.7149658203125,27.13623046875
2021-01-13 00:59:35.421361,24.7149658203125,28.729248046875
2021-01-13 00:59:40.719993,24.7149658203125,28.23486328125
2021-01-13 00:59:46.023749,24.68475341796875,27.734375
2021-01-13 00:59:51.328470,24.68475341796875,27.435302734375
2021-01-13 00:59:56.627175,24.68475341796875,27.337646484375
2021-01-13 01:00:01.931898,24.7149658203125,27.435302734375
2021-01-13 01:00:07.235765,24.69482421875,27.734375
2021-01-13 01:00:12.532655,24.72503662109375,29.0283203125
2021-01-13 01:00:17.832648,24.74517822265625,28.631591796875
2021-01-13 01:00:23.132669,24.74517822265625,28.33251953125
2021-01-13 01:00:28.436551,24.7552490234375,28.131103515625
2021-01-13 01:00:33.740481,24.7552490234375,27.734375
2021-01-13 01:00:39.043940,24.7552490234375,27.435302734375
2021-01-13 01:00:44.342818,24.72503662109375,27.337646484375
2021-01-13 01:00:49.632659,24.72503662109375,27.13623046875
2021-01-13 01:00:54.922723,24.72503662109375,27.13623046875
2021-01-13 01:01:00.217864,24.7149658203125,27.13623046875
2021-01-13 01:01:05.512300,24.72503662109375,27.13623046875
2021-01-13 01:01:10.802889,24.7149658203125,27.03857421875
2021-01-13 01:01:16.092640,24.7149658203125,27.13623046875
2021-01-13 01:01:21.385610,24.72503662109375,27.13623046875
2021-01-13 01:01:26.679869,24.72503662109375,27.03857421875
2021-01-13 01:01:31.972471,24.72503662109375,27.13623046875
2021-01-13 01:01:37.262654,24.72503662109375,27.03857421875
2021-01-13 01:01:42.560376,24.74517822265625,27.03857421875
2021-01-13 01:01:47.859911,24.72503662109375,27.03857421875
2021-01-13 01:01:53.165844,24.72503662109375,27.13623046875
2021-01-13 01:01:58.467521,24.72503662109375,27.239990234375
2021-01-13 01:02:03.776279,24.72503662109375,27.239990234375
2021-01-13 01:02:09.081118,24.7149658203125,27.13623046875
2021-01-13 01:02:14.385095,24.69482421875,27.13623046875
2021-01-13 01:02:19.688847,24.7149658203125,27.337646484375
2021-01-13 01:02:24.988293,24.69482421875,27.337646484375
2021-01-13 01:02:30.292211,24.68475341796875,27.337646484375
2021-01-13 01:02:35.595805,24.6746826171875,27.13623046875
2021-01-13 01:02:40.899610,24.6746826171875,27.337646484375
2021-01-13 01:02:46.203256,24.6746826171875,27.239990234375
2021-01-13 01:02:51.507582,24.68475341796875,27.03857421875
2021-01-13 01:02:56.812610,24.68475341796875,26.94091796875
2021-01-13 01:03:02.112644,24.7149658203125,26.94091796875
2021-01-13 01:03:07.416462,24.69482421875,26.94091796875
2021-01-13 01:03:12.714687,24.72503662109375,26.94091796875
2021-01-13 01:03:18.021381,24.7149658203125,26.94091796875
2021-01-13 01:03:23.322639,24.7149658203125,26.94091796875
2021-01-13 01:03:28.626415,24.74517822265625,26.94091796875
2021-01-13 01:03:33.930685,24.72503662109375,26.94091796875
2021-01-13 01:03:39.234030,24.74517822265625,26.84326171875
2021-01-13 01:03:44.538525,24.74517822265625,26.84326171875
2021-01-13 01:03:49.839699,24.74517822265625,26.84326171875
2021-01-13 01:03:55.143796,24.74517822265625,26.739501953125
2021-01-13 01:04:00.447233,24.74517822265625,26.84326171875
2021-01-13 01:04:05.753842,24.72503662109375,26.84326171875
2021-01-13 01:04:11.056874,24.7149658203125,27.03857421875
2021-01-13 01:04:16.361174,24.7149658203125,27.734375
2021-01-13 01:04:21.660517,24.69482421875,27.5390625
2021-01-13 01:04:26.964589,24.69482421875,27.337646484375
2021-01-13 01:04:32.269363,24.69482421875,27.435302734375
2021-01-13 01:04:37.568488,24.68475341796875,27.337646484375
2021-01-13 01:04:42.872618,24.69482421875,27.337646484375
2021-01-13 01:04:48.176236,24.69482421875,27.435302734375
2021-01-13 01:04:53.474802,24.69482421875,27.337646484375
2021-01-13 01:04:58.782117,24.69482421875,27.5390625
2021-01-13 01:05:04.086287,24.69482421875,27.239990234375
2021-01-13 01:05:09.390664,24.7149658203125,27.03857421875
2021-01-13 01:05:14.689071,24.6746826171875,27.03857421875
2021-01-13 01:05:19.992494,24.6746826171875,27.13623046875
2021-01-13 01:05:25.296358,24.6343994140625,27.252197265625
2021-01-13 01:05:30.594843,24.6746826171875,27.03857421875
2021-01-13 01:05:35.899916,24.6746826171875,26.94091796875
2021-01-13 01:05:41.203352,24.68475341796875,27.13623046875
2021-01-13 01:05:46.507017,24.64447021484375,27.349853515625
2021-01-13 01:05:51.811397,24.64447021484375,27.349853515625
2021-01-13 01:05:57.115411,24.64447021484375,27.252197265625
2021-01-13 01:06:02.423486,24.6746826171875,26.94091796875
2021-01-13 01:06:07.723437,24.6343994140625,26.85546875
2021-01-13 01:06:13.032653,24.6343994140625,26.85546875
2021-01-13 01:06:18.341475,24.64447021484375,26.85546875
2021-01-13 01:06:23.649992,24.64447021484375,26.85546875
2021-01-13 01:06:28.952669,24.6343994140625,26.85546875
2021-01-13 01:06:34.256413,24.6343994140625,26.85546875
2021-01-13 01:06:39.560919,24.6343994140625,26.85546875
2021-01-13 01:06:44.864434,24.6343994140625,26.953125
2021-01-13 01:06:50.168867,24.60418701171875,26.953125
2021-01-13 01:06:55.474913,24.6343994140625,27.05078125
2021-01-13 01:07:00.776861,24.6343994140625,26.953125
2021-01-13 01:07:06.080729,24.6343994140625,26.85546875
2021-01-13 01:07:11.382641,24.6343994140625,27.05078125
2021-01-13 01:07:16.686458,24.6142578125,27.05078125
2021-01-13 01:07:21.990597,24.6142578125,27.154541015625
2021-01-13 01:07:27.294012,24.6142578125,27.154541015625
2021-01-13 01:07:32.598557,24.6142578125,27.154541015625
2021-01-13 01:07:37.902345,24.6343994140625,27.154541015625
2021-01-13 01:07:43.207017,24.64447021484375,27.05078125
2021-01-13 01:07:48.510778,24.64447021484375,26.953125
2021-01-13 01:07:53.814698,24.6746826171875,26.94091796875
2021-01-13 01:07:59.121965,24.6746826171875,26.84326171875
2021-01-13 01:08:04.426539,24.6746826171875,26.84326171875
2021-01-13 01:08:09.725191,24.6746826171875,26.84326171875
2021-01-13 01:08:15.029115,24.68475341796875,26.84326171875
2021-01-13 01:08:20.332769,24.64447021484375,26.85546875
2021-01-13 01:08:25.636940,24.6343994140625,26.751708984375
2021-01-13 01:08:30.940536,24.6142578125,26.751708984375
2021-01-13 01:08:36.244096,24.60418701171875,26.751708984375
2021-01-13 01:08:41.549052,24.60418701171875,26.85546875
2021-01-13 01:08:46.852825,24.5941162109375,26.751708984375
2021-01-13 01:08:52.156841,24.60418701171875,26.953125
2021-01-13 01:08:57.460400,24.5941162109375,28.045654296875
2021-01-13 01:09:02.764411,24.5941162109375,27.74658203125
2021-01-13 01:09:08.069725,24.5941162109375,27.154541015625
2021-01-13 01:09:13.373117,24.573974609375,26.85546875
2021-01-13 01:09:18.676810,24.573974609375,26.85546875
2021-01-13 01:09:23.980781,24.573974609375,26.953125
2021-01-13 01:09:29.289291,24.60418701171875,26.953125
2021-01-13 01:09:34.592658,24.5941162109375,26.953125
2021-01-13 01:09:39.896337,24.573974609375,26.85546875
2021-01-13 01:09:45.199979,24.56390380859375,26.85546875
2021-01-13 01:09:50.504474,24.5941162109375,26.85546875
2021-01-13 01:09:55.811067,24.60418701171875,26.751708984375
2021-01-13 01:10:01.111515,24.6142578125,26.85546875
2021-01-13 01:10:06.415194,24.6142578125,26.953125
2021-01-13 01:10:11.715380,24.6343994140625,26.953125
2021-01-13 01:10:17.018892,24.6142578125,27.349853515625
2021-01-13 01:10:22.322623,24.64447021484375,27.349853515625
2021-01-13 01:10:27.621303,24.69482421875,27.63671875
2021-01-13 01:10:32.925572,24.74517822265625,27.13623046875
2021-01-13 01:10:38.229376,24.7552490234375,26.739501953125
2021-01-13 01:10:43.532645,24.74517822265625,26.544189453125
2021-01-13 01:10:48.836610,24.74517822265625,26.4404296875
2021-01-13 01:10:54.140157,24.72503662109375,26.3427734375
2021-01-13 01:10:59.442626,24.74517822265625,26.3427734375
2021-01-13 01:11:04.747334,24.74517822265625,26.3427734375
2021-01-13 01:11:10.051671,24.74517822265625,26.3427734375
2021-01-13 01:11:15.355384,24.74517822265625,26.3427734375
2021-01-13 01:11:20.659259,24.69482421875,26.4404296875
2021-01-13 01:11:25.962950,24.68475341796875,26.3427734375
2021-01-13 01:11:31.266827,24.69482421875,26.3427734375
2021-01-13 01:11:36.570615,24.74517822265625,26.641845703125
2021-01-13 01:11:41.874081,24.7552490234375,26.544189453125
2021-01-13 01:11:47.178621,24.76531982421875,26.3427734375
2021-01-13 01:11:52.483219,24.7955322265625,26.739501953125
2021-01-13 01:11:57.787941,24.82574462890625,27.03857421875
2021-01-13 01:12:03.091426,24.84588623046875,29.327392578125
2021-01-13 01:12:08.398232,24.896240234375,30.914306640625
2021-01-13 01:12:13.702143,24.9163818359375,29.510498046875
2021-01-13 01:12:19.005814,24.9365234375,28.021240234375
2021-01-13 01:12:24.309477,24.90631103515625,27.0263671875
2021-01-13 01:12:29.613265,24.896240234375,26.544189453125
2021-01-13 01:12:34.917498,24.82574462890625,26.2451171875
2021-01-13 01:12:40.221719,24.84588623046875,26.2451171875
2021-01-13 01:12:45.525498,24.82574462890625,26.3427734375
2021-01-13 01:12:50.829681,24.815673828125,26.544189453125
2021-01-13 01:12:56.130998,24.815673828125,26.544189453125
2021-01-13 01:13:01.434222,24.815673828125,26.4404296875
2021-01-13 01:13:06.738375,24.815673828125,26.4404296875
2021-01-13 01:13:12.042000,24.7955322265625,26.3427734375
2021-01-13 01:13:17.346322,24.7955322265625,26.4404296875
2021-01-13 01:13:22.649861,24.76531982421875,26.544189453125
2021-01-13 01:13:27.953475,24.78546142578125,26.544189453125
2021-01-13 01:13:33.257157,24.7552490234375,26.544189453125
2021-01-13 01:13:38.561292,24.74517822265625,26.4404296875
2021-01-13 01:13:43.862657,24.74517822265625,26.3427734375
2021-01-13 01:13:49.162662,24.7552490234375,26.3427734375
2021-01-13 01:13:54.469650,24.78546142578125,26.4404296875
2021-01-13 01:13:59.774186,24.76531982421875,26.641845703125
2021-01-13 01:14:05.078116,24.7955322265625,26.739501953125
2021-01-13 01:14:10.381855,24.82574462890625,27.63671875
2021-01-13 01:14:15.682660,24.84588623046875,28.131103515625
2021-01-13 01:14:20.991767,24.86602783203125,27.5390625
2021-01-13 01:14:26.295093,24.8760986328125,26.84326171875
2021-01-13 01:14:31.602670,24.896240234375,26.3427734375
2021-01-13 01:14:36.905226,24.84588623046875,26.1474609375
2021-01-13 01:14:42.210029,24.82574462890625,26.043701171875
2021-01-13 01:14:47.514478,24.84588623046875,26.043701171875
2021-01-13 01:14:52.819470,24.82574462890625,26.043701171875
2021-01-13 01:14:58.123149,24.8760986328125,26.3427734375
2021-01-13 01:15:03.427421,24.896240234375,27.03857421875
2021-01-13 01:15:08.722647,24.9163818359375,26.531982421875
2021-01-13 01:15:14.026356,24.9163818359375,26.629638671875
2021-01-13 01:15:19.330242,24.94659423828125,26.9287109375
2021-01-13 01:15:24.629488,24.9163818359375,26.629638671875
2021-01-13 01:15:29.932810,24.9365234375,26.33056640625
2021-01-13 01:15:35.236447,24.96673583984375,26.23291015625
2021-01-13 01:15:40.532656,24.94659423828125,27.325439453125
2021-01-13 01:15:45.836142,24.9163818359375,26.824951171875
2021-01-13 01:15:51.139808,24.9365234375,26.42822265625
2021-01-13 01:15:56.443377,24.9163818359375,26.33056640625
2021-01-13 01:16:01.747989,24.896240234375,26.3427734375
2021-01-13 01:16:07.051733,24.896240234375,26.1474609375
2021-01-13 01:16:12.355584,24.9163818359375,26.031494140625
2021-01-13 01:16:17.654044,24.9365234375,26.23291015625
2021-01-13 01:16:22.960812,24.94659423828125,26.129150390625
2021-01-13 01:16:28.261728,24.9365234375,25.933837890625
2021-01-13 01:16:33.565643,24.90631103515625,26.23291015625
2021-01-13 01:16:38.869752,24.896240234375,26.84326171875
2021-01-13 01:16:44.174619,24.8760986328125,26.739501953125
2021-01-13 01:16:49.479429,24.896240234375,26.544189453125
2021-01-13 01:16:54.782653,24.90631103515625,26.824951171875
2021-01-13 01:17:00.083049,24.9365234375,26.629638671875
2021-01-13 01:17:05.388596,24.9365234375,26.531982421875
2021-01-13 01:17:10.694181,24.9163818359375,26.23291015625
2021-01-13 01:17:15.999973,24.9365234375,26.031494140625
2021-01-13 01:17:21.303631,24.9163818359375,26.129150390625
2021-01-13 01:17:26.607295,24.9365234375,26.129150390625
2021-01-13 01:17:31.911063,24.96673583984375,26.129150390625
2021-01-13 01:17:37.215214,24.96673583984375,26.23291015625
2021-01-13 01:17:42.518843,24.94659423828125,26.629638671875
2021-01-13 01:17:47.824514,24.96673583984375,26.824951171875
2021-01-13 01:17:53.129560,25.00701904296875,26.531982421875
2021-01-13 01:17:58.433961,25.04730224609375,26.33056640625
2021-01-13 01:18:03.739587,25.057373046875,26.031494140625
2021-01-13 01:18:09.042663,25.06744384765625,25.933837890625
2021-01-13 01:18:14.342676,25.06744384765625,26.23291015625
2021-01-13 01:18:19.646569,25.09765625,26.23291015625
2021-01-13 01:18:24.950285,25.09765625,26.031494140625
2021-01-13 01:18:30.253871,25.1580810546875,26.019287109375
2021-01-13 01:18:35.552656,25.1580810546875,26.220703125
2021-01-13 01:18:40.857062,25.14801025390625,26.318359375
2021-01-13 01:18:46.160489,25.1177978515625,25.836181640625
2021-01-13 01:18:51.464150,25.06744384765625,25.634765625
2021-01-13 01:18:56.769932,25.057373046875,25.634765625
2021-01-13 01:19:02.074084,25.00701904296875,25.537109375
2021-01-13 01:19:07.381867,24.976806640625,25.537109375
2021-01-13 01:19:12.685039,24.96673583984375,25.732421875
2021-01-13 01:19:17.988799,24.96673583984375,25.732421875
2021-01-13 01:19:23.292947,24.94659423828125,25.732421875
2021-01-13 01:19:28.596482,24.9365234375,25.634765625
2021-01-13 01:19:33.900908,24.94659423828125,25.634765625
2021-01-13 01:19:39.204735,24.94659423828125,25.732421875
2021-01-13 01:19:44.509216,24.9365234375,25.732421875
2021-01-13 01:19:49.812866,24.9365234375,25.732421875
2021-01-13 01:19:55.112652,24.9163818359375,26.031494140625
2021-01-13 01:20:00.416303,24.9163818359375,26.23291015625
2021-01-13 01:20:05.715310,24.896240234375,26.1474609375
2021-01-13 01:20:11.018998,24.896240234375,26.043701171875
2021-01-13 01:20:16.322681,24.8760986328125,25.946044921875
2021-01-13 01:20:21.621122,24.8760986328125,25.946044921875
2021-01-13 01:20:26.925048,24.9163818359375,26.629638671875
2021-01-13 01:20:32.224042,24.9365234375,26.629638671875
2021-01-13 01:20:37.519065,24.9365234375,26.129150390625
2021-01-13 01:20:42.822643,24.90631103515625,25.836181640625
2021-01-13 01:20:48.127275,24.896240234375,25.946044921875
2021-01-13 01:20:53.433106,24.8760986328125,26.1474609375
2021-01-13 01:20:58.731797,24.8760986328125,26.043701171875
2021-01-13 01:21:04.032655,24.86602783203125,26.1474609375
2021-01-13 01:21:09.336441,24.84588623046875,26.3427734375
2021-01-13 01:21:14.634795,24.86602783203125,26.2451171875
2021-01-13 01:21:19.938634,24.86602783203125,26.2451171875
2021-01-13 01:21:25.242723,24.84588623046875,26.2451171875
2021-01-13 01:21:30.546812,24.84588623046875,26.1474609375
2021-01-13 01:21:35.850927,24.84588623046875,27.63671875
2021-01-13 01:21:41.156435,24.82574462890625,26.94091796875
2021-01-13 01:21:46.460617,24.7955322265625,26.4404296875
2021-01-13 01:21:51.764462,24.7955322265625,26.1474609375
2021-01-13 01:21:57.069079,24.7955322265625,26.043701171875
2021-01-13 01:22:02.372643,24.7955322265625,26.043701171875
2021-01-13 01:22:07.678032,24.78546142578125,26.043701171875
2021-01-13 01:22:12.982654,24.7955322265625,26.043701171875
2021-01-13 01:22:18.282656,24.78546142578125,25.946044921875
2021-01-13 01:22:23.586449,24.7955322265625,25.946044921875
2021-01-13 01:22:28.885707,24.7955322265625,26.043701171875
2021-01-13 01:22:34.186279,24.78546142578125,25.946044921875
2021-01-13 01:22:39.490008,24.7552490234375,26.4404296875
2021-01-13 01:22:44.791005,24.7552490234375,26.84326171875
2021-01-13 01:22:50.099242,24.76531982421875,26.641845703125
2021-01-13 01:22:55.403602,24.7552490234375,26.3427734375
2021-01-13 01:23:00.701968,24.76531982421875,26.1474609375
2021-01-13 01:23:06.007314,24.84588623046875,26.1474609375
2021-01-13 01:23:11.311539,24.86602783203125,25.946044921875
2021-01-13 01:23:16.615018,24.7955322265625,25.946044921875
2021-01-13 01:23:21.919517,24.7955322265625,25.946044921875
2021-01-13 01:23:27.222613,24.78546142578125,26.1474609375
2021-01-13 01:23:32.527258,24.78546142578125,26.1474609375
2021-01-13 01:23:37.831280,24.76531982421875,26.043701171875
2021-01-13 01:23:43.140460,24.78546142578125,26.1474609375
2021-01-13 01:23:48.443738,24.7552490234375,26.2451171875
2021-01-13 01:23:53.748662,24.7552490234375,26.1474609375
2021-01-13 01:23:59.050187,24.74517822265625,26.544189453125
2021-01-13 01:24:04.339915,24.7149658203125,26.641845703125
2021-01-13 01:24:09.634965,24.72503662109375,26.3427734375
2021-01-13 01:24:14.940030,24.72503662109375,26.3427734375
2021-01-13 01:24:20.243949,24.78546142578125,26.4404296875
2021-01-13 01:24:25.547497,24.815673828125,26.2451171875
2021-01-13 01:24:30.851953,24.84588623046875,26.043701171875
2021-01-13 01:24:36.155703,24.82574462890625,26.043701171875
2021-01-13 01:24:41.460775,24.896240234375,26.043701171875
2021-01-13 01:24:46.761091,24.9163818359375,26.629638671875
2021-01-13 01:24:52.055348,24.9163818359375,26.23291015625
2021-01-13 01:24:57.352488,24.90631103515625,26.33056640625
2021-01-13 01:25:02.656026,24.9365234375,26.531982421875
2021-01-13 01:25:07.954595,24.96673583984375,26.23291015625
2021-01-13 01:25:13.251566,24.976806640625,26.031494140625
2021-01-13 01:25:18.549224,24.9969482421875,25.836181640625
2021-01-13 01:25:23.845785,24.94659423828125,25.732421875
2021-01-13 01:25:29.149760,24.9365234375,25.634765625
2021-01-13 01:25:34.453229,24.90631103515625,25.634765625
2021-01-13 01:25:39.752778,24.8760986328125,25.64697265625
2021-01-13 01:25:45.048754,24.84588623046875,25.74462890625
2021-01-13 01:25:50.345103,24.84588623046875,25.74462890625
2021-01-13 01:25:55.639214,24.82574462890625,25.848388671875
2021-01-13 01:26:00.941771,24.815673828125,25.848388671875
2021-01-13 01:26:06.241404,24.815673828125,25.946044921875
2021-01-13 01:26:11.533047,24.78546142578125,26.1474609375
2021-01-13 01:26:16.836402,24.76531982421875,26.1474609375
2021-01-13 01:26:22.141627,24.76531982421875,26.2451171875
2021-01-13 01:26:27.445526,24.76531982421875,26.043701171875
2021-01-13 01:26:32.751184,24.76531982421875,26.043701171875
2021-01-13 01:26:38.055687,24.7552490234375,26.043701171875
2021-01-13 01:26:43.359151,24.72503662109375,25.946044921875
2021-01-13 01:26:48.663675,24.74517822265625,25.946044921875
2021-01-13 01:26:53.955839,24.76531982421875,26.1474609375
2021-01-13 01:26:59.253886,24.72503662109375,26.1474609375
2021-01-13 01:27:04.558538,24.7552490234375,26.1474609375
2021-01-13 01:27:09.862642,24.72503662109375,26.1474609375
2021-01-13 01:27:15.166591,24.7149658203125,26.2451171875
2021-01-13 01:27:20.472631,24.72503662109375,26.2451171875
2021-01-13 01:27:25.778083,24.69482421875,26.2451171875
2021-01-13 01:27:31.081438,24.68475341796875,26.3427734375
2021-01-13 01:27:36.382655,24.6746826171875,26.4404296875
2021-01-13 01:27:41.686394,24.6746826171875,26.3427734375
2021-01-13 01:27:46.990485,24.68475341796875,26.3427734375
2021-01-13 01:27:52.293912,24.6746826171875,26.2451171875
2021-01-13 01:27:57.592925,24.68475341796875,26.3427734375
2021-01-13 01:28:02.896822,24.6746826171875,26.3427734375
2021-01-13 01:28:08.202469,24.6746826171875,26.3427734375
2021-01-13 01:28:13.510527,24.6343994140625,26.35498046875
2021-01-13 01:28:18.815968,24.6142578125,26.35498046875
2021-01-13 01:28:24.116079,24.60418701171875,26.35498046875
2021-01-13 01:28:29.408274,24.6343994140625,26.25732421875
2021-01-13 01:28:34.706454,24.6343994140625,26.35498046875
2021-01-13 01:28:40.011646,24.6142578125,26.35498046875
2021-01-13 01:28:45.315096,24.6142578125,26.45263671875
2021-01-13 01:28:50.618743,24.60418701171875,26.35498046875
2021-01-13 01:28:55.922819,24.60418701171875,26.35498046875
2021-01-13 01:29:01.227173,24.5941162109375,26.751708984375
11:31:42,24.34234619140625,28.460693359375
11:31:47,24.34234619140625,28.558349609375
11:34:19,24.3524169921875,27.960205078125
11:34:25,24.34234619140625,27.960205078125
11:34:30,24.3524169921875,27.960205078125
11:34:35,24.38262939453125,28.955078125
11:34:41,24.815673828125,49.8046875
11:34:46,24.69482421875,51.79443359375
11:34:51,24.76531982421875,53.387451171875
11:35:14,24.56390380859375,28.741455078125
11:35:19,24.76531982421875,40.362548828125
11:35:25,25.1580810546875,13.702392578125
11:35:30,24.976806640625,59.918212890625
11:35:35,24.86602783203125,42.05322265625
11:36:10,24.6343994140625,28.045654296875
13:18:35,28.53179931640625,22.784423828125
13:18:41,28.5015869140625,22.894287109375
13:18:46,28.5015869140625,22.998046875
13:18:51,28.4814453125,22.998046875
13:18:57,28.4613037109375,22.998046875
13:19:02,28.441162109375,23.095703125
13:19:07,28.43109130859375,23.095703125
13:19:12,28.40087890625,23.095703125
13:19:18,28.360595703125,23.095703125
13:19:23,28.33038330078125,23.095703125
13:19:28,28.31024169921875,23.193359375
13:19:34,28.280029296875,23.30322265625
13:19:39,28.2598876953125,23.40087890625
13:19:44,28.22967529296875,23.49853515625
13:19:50,28.20953369140625,23.49853515625
13:19:55,28.18939208984375,23.59619140625
13:20:00,28.20953369140625,23.49853515625
13:20:06,28.2196044921875,23.004150390625
13:20:11,28.2598876953125,22.906494140625
13:20:16,28.29010009765625,22.796630859375
00:36:23,24.573974609375,27.74658203125
00:36:29,24.5941162109375,27.74658203125
14:17:39,0.6835174560546875,24.65667724609375
14:18:52,41.93351745605469,49.65667724609375
14:18:58,124.51408386230469,99.70550537109375
14:19:03,124.51408386230469,99.70550537109375
14:19:08,124.51408386230469,99.70550537109375
14:19:13,124.51408386230469,99.70550537109375
14:19:19,124.51408386230469,99.70550537109375
14:19:24,124.51408386230469,99.70550537109375
14:19:29,124.51408386230469,99.70550537109375
15:56:27,30.0323486328125,39.642333984375
15:56:32,29.94171142578125,39.66064453125
15:56:37,29.8712158203125,39.66064453125
15:56:43,29.7906494140625,39.75830078125
15:56:48,29.15618896484375,44.34814453125
15:56:53,29.67987060546875,66.461181640625
15:56:59,29.43817138671875,64.9169921875
15:57:36,28.87420654296875,42.19970703125
15:57:37,28.85406494140625,42.19970703125
15:57:39,28.77349853515625,42.303466796875
15:57:40,28.77349853515625,42.498779296875
15:57:41,28.7835693359375,42.694091796875
15:57:43,28.75335693359375,42.913818359375
15:57:44,28.77349853515625,42.889404296875
15:57:45,28.7835693359375,42.889404296875
15:57:47,28.77349853515625,42.889404296875
15:57:48,28.75335693359375,42.913818359375
15:57:49,28.75335693359375,42.913818359375
15:57:50,28.73321533203125,42.816162109375
15:57:52,28.7030029296875,42.61474609375
15:57:53,28.6627197265625,42.51708984375
15:57:54,28.6224365234375,42.41943359375
15:57:56,28.602294921875,42.41943359375
15:57:57,28.6224365234375,42.41943359375
15:57:58,28.63250732421875,42.41943359375
15:58:00,28.6224365234375,42.51708984375
15:58:01,28.602294921875,42.61474609375
15:58:02,28.59222412109375,42.61474609375
15:58:03,28.602294921875,42.718505859375
15:58:05,28.59222412109375,42.718505859375
17:45:28,26.8096923828125,50.408935546875
17:45:30,26.83990478515625,50.384521484375
17:45:31,26.83990478515625,50.384521484375
17:45:32,26.86004638671875,50.384521484375
17:45:34,26.83990478515625,50.384521484375
17:45:35,26.83990478515625,50.384521484375
17:45:36,26.83990478515625,50.286865234375
17:45:37,26.829833984375,50.286865234375
17:45:39,26.83990478515625,50.286865234375
18:10:22,27.38372802734375,48.455810546875
18:10:23,27.38372802734375,48.455810546875
18:10:24,27.393798828125,48.455810546875
19:04:23,42.73162841796875,50.140380859375
19:04:24,42.73162841796875,50.140380859375
19:04:52,28.3807373046875,50.433349609375
19:04:53,28.360595703125,50.433349609375
19:04:54,28.3807373046875,50.433349609375
19:04:56,28.360595703125,50.433349609375
19:04:57,28.360595703125,50.433349609375
19:04:58,28.3807373046875,50.433349609375
19:05:00,28.3807373046875,50.433349609375
19:05:01,43.21502685546875,50.433349609375
19:05:02,28.3807373046875,50.433349609375
19:05:03,28.40087890625,50.433349609375
19:05:05,28.3807373046875,50.335693359375
19:05:06,28.40087890625,50.335693359375
19:05:25,28.40087890625,50.238037109375
19:05:30,28.41094970703125,50.335693359375
19:06:05,28.4613037109375,50.335693359375
19:06:07,28.47137451171875,50.335693359375
19:06:08,28.47137451171875,50.335693359375
19:06:09,28.4814453125,50.335693359375
19:06:11,28.5015869140625,50.335693359375
19:06:12,28.5015869140625,50.238037109375
